Time,Vlockin (microvolts)
0.0,2.63267e-05
0.015281438827514648,2.63118e-05
0.02773594856262207,2.63044e-05
0.04094719886779785,2.63603e-05
0.05993795394897461,2.63528e-05
0.0727548599243164,2.63826e-05
0.08587455749511719,2.64571e-05
0.09903597831726074,2.64795e-05
0.11178350448608398,2.65242e-05
0.12612032890319824,2.65838e-05
0.13863468170166016,2.66099e-05
0.15225982666015625,2.66248e-05
0.16572880744934082,2.66806e-05
0.1796271800994873,2.66732e-05
0.19370388984680176,2.66769e-05
0.20723700523376465,2.67104e-05
0.22095537185668945,2.67179e-05
0.23433470726013184,2.67067e-05
0.248396635055542,2.67179e-05
0.26271796226501465,2.66806e-05
0.27619028091430664,2.6662e-05
0.28943777084350586,2.66844e-05
0.3030376434326172,2.66546e-05
0.31662416458129883,2.66546e-05
0.3298513889312744,2.66955e-05
0.34334492683410645,2.67179e-05
0.35595273971557617,2.67589e-05
0.3690495491027832,2.68855e-05
0.3822200298309326,2.70159e-05
0.3948948383331299,2.71947e-05
0.40881896018981934,2.74667e-05
0.4219057559967041,2.77014e-05
0.4353823661804199,2.79845e-05
0.4493114948272705,2.83533e-05
0.46297359466552734,2.8696e-05
0.47661375999450684,2.89978e-05
0.4898359775543213,2.93032e-05
0.503028154373169,2.94821e-05
0.5161678791046143,2.95603e-05
0.52950119972229,2.96832e-05
0.5425012111663818,2.97764e-05
0.5551197528839111,2.98248e-05
0.5687460899353027,2.99216e-05
0.5821290016174316,2.99887e-05
0.5962541103363037,3.00669e-05
0.6154224872589111,3.01638e-05
0.6287577152252197,3.02085e-05
0.6424977779388428,3.02905e-05
0.6563963890075684,3.03873e-05
0.6702332496643066,3.04618e-05
0.6840958595275879,3.05513e-05
0.6973345279693604,3.06966e-05
0.7119882106781006,3.08084e-05
0.7255649566650391,3.09276e-05
0.7390966415405273,3.10952e-05
0.7530453205108643,3.12182e-05
0.7663640975952148,3.13486e-05
0.7798483371734619,3.15199e-05
0.7939727306365967,3.16317e-05
0.8073444366455078,3.17658e-05
0.8209319114685059,3.19371e-05
0.834221601486206,3.20452e-05
0.8473210334777832,3.2142e-05
0.8599603176116943,3.22799e-05
0.8730900287628174,3.23618e-05
0.8867859840393066,3.24401e-05
0.9010958671569824,3.25555e-05
0.9141581058502197,3.26226e-05
0.9271819591522217,3.26822e-05
0.9412834644317627,3.27977e-05
0.9547436237335205,3.28759e-05
0.9682025909423828,3.29318e-05
0.982062578201294,3.30547e-05
0.9959053993225098,3.31404e-05
1.0094594955444336,3.32112e-05
1.0228631496429443,3.33379e-05
1.0366291999816895,3.34273e-05
1.048985242843628,3.34794e-05
1.0623869895935059,3.35986e-05
1.0752532482147217,3.36992e-05
1.0885818004608154,3.37625e-05
1.1016714572906494,3.38966e-05
1.1151025295257568,3.40345e-05
1.1293015480041504,3.41351e-05
1.1425418853759766,3.42729e-05
1.156080961227417,3.44964e-05
1.1753215789794922,3.46492e-05
1.189666509628296,3.4895e-05
1.2033941745758057,3.50217e-05
1.2173168659210205,3.52191e-05
1.2308032512664795,3.53979e-05
1.2441112995147705,3.55544e-05
1.2574224472045898,3.57109e-05
1.2713990211486816,3.59195e-05
1.285574197769165,3.60461e-05
1.2991015911102295,3.61952e-05
1.3133525848388672,3.63628e-05
1.3270061016082764,3.64783e-05
1.3400349617004395,3.66049e-05
1.3541929721832275,3.67465e-05
1.3688385486602783,3.68471e-05
1.3828115463256836,3.69439e-05
1.3969953060150146,3.71004e-05
1.4101037979125977,3.71675e-05
1.423877477645874,3.72829e-05
1.4377861022949219,3.74021e-05
1.450925350189209,3.74618e-05
1.4652862548828125,3.75735e-05
1.4786109924316406,3.76853e-05
1.4921958446502686,3.77374e-05
1.5058825016021729,3.78417e-05
1.5198476314544678,3.7946e-05
1.5337088108062744,3.7987e-05
1.5463476181030273,3.80503e-05
1.5600461959838867,3.81509e-05
1.5736236572265625,3.81882e-05
1.5875649452209473,3.82627e-05
1.6015381813049316,3.8367e-05
1.6157200336456299,3.83968e-05
1.629265546798706,3.84639e-05
1.643193006515503,3.85384e-05
1.6565144062042236,3.85495e-05
1.669567346572876,3.86054e-05
1.6837079524993896,3.86687e-05
1.6975088119506836,3.86799e-05
1.711517572402954,3.87582e-05
1.7315173149108887,3.87768e-05
1.7458288669586182,3.87805e-05
1.7599642276763916,3.88215e-05
1.773979902267456,3.88215e-05
1.7871086597442627,3.88178e-05
1.801081657409668,3.88513e-05
1.814746379852295,3.88401e-05
1.8280303478240967,3.88252e-05
1.8420345783233643,3.8855e-05
1.85573148727417,3.88438e-05
1.869293212890625,3.88252e-05
1.8841907978057861,3.8855e-05
1.8981096744537354,3.88438e-05
1.9121952056884766,3.88289e-05
1.925994634628296,3.88587e-05
1.9398186206817627,3.88438e-05
1.953397512435913,3.88476e-05
1.966951608657837,3.88848e-05
1.980475664138794,3.88848e-05
1.9946305751800537,3.88885e-05
2.00923752784729,3.89481e-05
2.023209571838379,3.89593e-05
2.0371005535125732,3.89817e-05
2.0508928298950195,3.90487e-05
2.064689874649048,3.90674e-05
2.078458547592163,3.91083e-05
2.0919811725616455,3.91717e-05
2.1053876876831055,3.9194e-05
2.119621753692627,3.92499e-05
2.1321043968200684,3.93169e-05
2.145199775695801,3.93356e-05
2.1584482192993164,3.93915e-05
2.1711173057556152,3.9466e-05
2.184405565261841,3.95069e-05
2.1968719959259033,3.95516e-05
2.2104837894439697,3.96336e-05
2.223741054534912,3.96783e-05
2.237351179122925,3.97156e-05
2.2517406940460205,3.98199e-05
2.265598773956299,3.98757e-05
2.284830093383789,3.99577e-05
2.2987735271453857,4.00397e-05
2.3127663135528564,4.00769e-05
2.3262078762054443,4.01589e-05
2.339876174926758,4.02371e-05
2.3537092208862305,4.02743e-05
2.3673465251922607,4.03526e-05
2.380683660507202,4.04383e-05
2.3938729763031006,4.04681e-05
2.4078335762023926,4.05612e-05
2.421541690826416,4.0632e-05
2.435384750366211,4.06692e-05
2.4485440254211426,4.074e-05
2.4624643325805664,4.08443e-05
2.47798752784729,4.08741e-05
2.4916317462921143,4.09449e-05
2.504732608795166,4.1038e-05
2.517415761947632,4.10641e-05
2.53086256980896,4.11274e-05
2.5441529750823975,4.12206e-05
2.5579607486724854,4.12504e-05
2.5713627338409424,4.13249e-05
2.585054397583008,4.1418e-05
2.5980217456817627,4.14441e-05
2.611525297164917,4.15149e-05
2.6257853507995605,4.1608e-05
2.639009475708008,4.16415e-05
2.6525111198425293,4.17086e-05
2.6652514934539795,4.17905e-05
2.6787073612213135,4.18203e-05
2.692675828933716,4.18986e-05
2.706716537475586,4.1988e-05
2.7204015254974365,4.20141e-05
2.7334351539611816,4.20737e-05
2.7473180294036865,4.21742e-05
2.7612862586975098,4.22078e-05
2.775871753692627,4.22786e-05
2.788689136505127,4.2368e-05
2.802971124649048,4.23978e-05
2.8161089420318604,4.25095e-05
2.836852788925171,4.25729e-05
2.8510704040527344,4.26176e-05
2.864781379699707,4.27107e-05
2.8789374828338623,4.27591e-05
2.89273738861084,4.28075e-05
2.9066433906555176,4.29007e-05
2.9208083152770996,4.29305e-05
2.934558629989624,4.29715e-05
2.947695255279541,4.30609e-05
2.9603288173675537,4.31056e-05
2.9737730026245117,4.31354e-05
2.987480401992798,4.32285e-05
3.001481294631958,4.32881e-05
3.015244960784912,4.33254e-05
3.0297350883483887,4.34148e-05
3.04292368888855,4.34669e-05
3.0575084686279297,4.35042e-05
3.0713651180267334,4.35973e-05
3.0849101543426514,4.36346e-05
3.098446846008301,4.36718e-05
3.112443447113037,4.37687e-05
3.1270318031311035,4.37985e-05
3.140611171722412,4.38544e-05
3.154676914215088,4.39363e-05
3.1688270568847656,4.39661e-05
3.1823983192443848,4.40145e-05
3.1965136528015137,4.40965e-05
3.2100136280059814,4.413e-05
3.223681688308716,4.41859e-05
3.237576484680176,4.42679e-05
3.2512362003326416,4.42977e-05
3.265312910079956,4.43498e-05
3.278956890106201,4.4428e-05
3.2925467491149902,4.44504e-05
3.306391477584839,4.44914e-05
3.31949782371521,4.45808e-05
3.332949161529541,4.45994e-05
3.346989631652832,4.46553e-05
3.360525608062744,4.47298e-05
3.3742575645446777,4.47596e-05
3.39339280128479,4.48416e-05
3.4076709747314453,4.49012e-05
3.4213571548461914,4.49086e-05
3.4350099563598633,4.49794e-05
3.4488914012908936,4.50502e-05
3.462691307067871,4.50651e-05
3.4756991863250732,4.51209e-05
3.489946126937866,4.51843e-05
3.5033719539642334,4.52029e-05
3.5173139572143555,4.52774e-05
3.5309267044067383,4.53333e-05
3.544236898422241,4.53482e-05
3.5582056045532227,4.54078e-05
3.571317195892334,4.54711e-05
3.5853219032287598,4.54786e-05
3.598602294921875,4.55531e-05
3.6126973628997803,4.55978e-05
3.626373767852783,4.56164e-05
3.6403260231018066,4.56946e-05
3.653764247894287,4.57319e-05
3.666740894317627,4.57393e-05
3.6802871227264404,4.58064e-05
3.6939897537231445,4.5866e-05
3.707226514816284,4.58735e-05
3.7213196754455566,4.5948e-05
3.735469341278076,4.59927e-05
3.7491626739501953,4.60113e-05
3.763883113861084,4.60783e-05
3.7778000831604004,4.61231e-05
3.792100429534912,4.61417e-05
3.806702136993408,4.62125e-05
3.8201165199279785,4.6246e-05
3.8328535556793213,4.62572e-05
3.846595048904419,4.63317e-05
3.8603627681732178,4.63689e-05
3.874969482421875,4.63875e-05
3.887890100479126,4.64546e-05
3.901392698287964,4.64881e-05
3.9151453971862793,4.64993e-05
3.928412914276123,4.66036e-05
3.948549270629883,4.66111e-05
3.96168851852417,4.66558e-05
3.9758968353271484,4.67191e-05
3.990257501602173,4.67191e-05
4.004453659057617,4.67713e-05
4.01855731010437,4.68383e-05
4.03233790397644,4.6842e-05
4.047032356262207,4.68942e-05
4.060967683792114,4.69538e-05
4.074828624725342,4.69612e-05
4.088878631591797,4.70134e-05
4.102232933044434,4.7073e-05
4.115658283233643,4.7073e-05
4.129332780838013,4.71214e-05
4.142765760421753,4.7181e-05
4.155659198760986,4.7181e-05
4.168942451477051,4.7222e-05
4.182093381881714,4.72816e-05
4.196200847625732,4.72853e-05
4.209761142730713,4.733e-05
4.223778247833252,4.73934e-05
4.237067937850952,4.73971e-05
4.25087308883667,4.74418e-05
4.265242576599121,4.7494e-05
4.278378248214722,4.7494e-05
4.291805982589722,4.75461e-05
4.305805921554565,4.75983e-05
4.318922996520996,4.75945e-05
4.333016633987427,4.76541e-05
4.347081661224365,4.76951e-05
4.360673904418945,4.76988e-05
4.374257564544678,4.77473e-05
4.387804985046387,4.77994e-05
4.401051998138428,4.77957e-05
4.4149489402771,4.78479e-05
4.428237438201904,4.79037e-05
4.441869497299194,4.79037e-05
4.455899715423584,4.79373e-05
4.469290494918823,4.79857e-05
4.482956171035767,4.79969e-05
4.502725839614868,4.80677e-05
4.516499757766724,4.80863e-05
4.530222654342651,4.81012e-05
4.54420280456543,4.81645e-05
4.557968616485596,4.81869e-05
4.570973873138428,4.8198e-05
4.585076093673706,4.82576e-05
4.597801208496094,4.828e-05
4.611294269561768,4.82912e-05
4.625533103942871,4.83582e-05
4.640110492706299,4.83731e-05
4.653217077255249,4.83843e-05
4.6668312549591064,4.84551e-05
4.680160999298096,4.84812e-05
4.694072961807251,4.84849e-05
4.706916809082031,4.85445e-05
4.7198166847229,4.8578e-05
4.733177423477173,4.85817e-05
4.746342897415161,4.86264e-05
4.759356498718262,4.86674e-05
4.771670341491699,4.86674e-05
4.7856011390686035,4.87121e-05
4.799032688140869,4.87606e-05
4.813270330429077,4.87568e-05
4.826975107192993,4.88127e-05
4.840913772583008,4.88425e-05
4.854108572006226,4.88425e-05
4.8674633502960205,4.88947e-05
4.881336450576782,4.89282e-05
4.894762277603149,4.89282e-05
4.908227205276489,4.89766e-05
4.921863555908203,4.90139e-05
4.935810804367065,4.90064e-05
4.949526786804199,4.90623e-05
4.9633190631866455,4.90996e-05
4.976862668991089,4.90921e-05
4.991304874420166,4.91554e-05
5.0050976276397705,4.91852e-05
5.018622636795044,4.91815e-05
5.031723976135254,4.92411e-05
5.04594087600708,4.9256e-05
5.065053224563599,4.92858e-05
5.078719854354858,4.93417e-05
5.092714548110962,4.93417e-05
5.106292247772217,4.93678e-05
5.119730472564697,4.94162e-05
5.133472919464111,4.94274e-05
5.146954536437988,4.94386e-05
5.161114931106567,4.95056e-05
5.174991607666016,4.95093e-05
5.188033580780029,4.95317e-05
5.202164173126221,4.95913e-05
5.215986967086792,4.95913e-05
5.230844736099243,4.96136e-05
5.244663238525391,4.96733e-05
5.258785009384155,4.96658e-05
5.272265911102295,4.97031e-05
5.286514043807983,4.97478e-05
5.300770282745361,4.97478e-05
5.314593076705933,4.97776e-05
5.328503370285034,4.98334e-05
5.342571496963501,4.98223e-05
5.356451988220215,4.9867e-05
5.370449066162109,4.99079e-05
5.383830785751343,4.98968e-05
5.397455930709839,4.99377e-05
5.410441160202026,4.99787e-05
5.424407720565796,4.9975e-05
5.437887907028198,5.00197e-05
5.452005624771118,5.00644e-05
5.46512246131897,5.00532e-05
5.478749990463257,5.00979e-05
5.492620229721069,5.01426e-05
5.5066399574279785,5.01315e-05
5.520351886749268,5.01724e-05
5.533651828765869,5.02171e-05
5.547074317932129,5.0206e-05
5.560720682144165,5.02507e-05
5.57469916343689,5.02879e-05
5.589195013046265,5.02805e-05
5.602014541625977,5.03438e-05
5.621285676956177,5.0355e-05
5.635124921798706,5.03662e-05
5.648699522018433,5.04146e-05
5.6623265743255615,5.04258e-05
5.676372766494751,5.04332e-05
5.690231561660767,5.04854e-05
5.704213619232178,5.04854e-05
5.71784782409668,5.04854e-05
5.731823682785034,5.05412e-05
5.746274709701538,5.05487e-05
5.760013580322266,5.05636e-05
5.774399280548096,5.06195e-05
5.787532567977905,5.06158e-05
5.801360130310059,5.06307e-05
5.815074443817139,5.06791e-05
5.828371286392212,5.06791e-05
5.842172145843506,5.06977e-05
5.8553855419158936,5.07499e-05
5.869215250015259,5.0761e-05
5.88273811340332,5.0761e-05
5.896211862564087,5.08169e-05
5.910534858703613,5.08244e-05
5.923994064331055,5.08355e-05
5.937917709350586,5.08914e-05
5.951228857040405,5.08877e-05
5.965434551239014,5.09063e-05
5.978447675704956,5.09473e-05
5.9916698932647705,5.09473e-05
6.00471305847168,5.09548e-05
6.01801609992981,5.10069e-05
6.0318756103515625,5.10144e-05
6.0448222160339355,5.10181e-05
6.058360576629639,5.10665e-05
6.0722596645355225,5.10777e-05
6.085738897323608,5.10777e-05
6.100893974304199,5.11336e-05
6.114505290985107,5.1141e-05
6.127764940261841,5.1141e-05
6.140750408172607,5.11932e-05
6.154988527297974,5.11894e-05
6.175787925720215,5.12155e-05
6.1890881061553955,5.12602e-05
6.202250003814697,5.12416e-05
6.215895175933838,5.12751e-05
6.229246616363525,5.13198e-05
6.242797374725342,5.13049e-05
6.256119251251221,5.13273e-05
6.269561767578125,5.1372e-05
6.283174276351929,5.13608e-05
6.2965474128723145,5.13869e-05
6.310321569442749,5.14279e-05
6.3243303298950195,5.1413e-05
6.338190317153931,5.14577e-05
6.351873159408569,5.14912e-05
6.364779472351074,5.14763e-05
6.378993272781372,5.15098e-05
6.392338514328003,5.15471e-05
6.40661883354187,5.15322e-05
6.419689416885376,5.15545e-05
6.433302640914917,5.1603e-05
6.447383403778076,5.15918e-05
6.461284160614014,5.16253e-05
6.4749062061309814,5.16588e-05
6.488502025604248,5.16477e-05
6.502427339553833,5.16775e-05
6.515782594680786,5.1711e-05
6.52942156791687,5.17035e-05
6.543323755264282,5.17259e-05
6.557676315307617,5.17669e-05
6.571954250335693,5.1752e-05
6.586299657821655,5.17929e-05
6.599867343902588,5.1819e-05
6.61346960067749,5.18078e-05
6.627661228179932,5.18414e-05
6.6418070793151855,5.18712e-05
6.656595230102539,5.186e-05
6.6694042682647705,5.18898e-05
6.683527946472168,5.19196e-05
6.697327136993408,5.1901e-05
6.710580587387085,5.19643e-05
6.730628490447998,5.19643e-05
6.7449119091033936,5.19755e-05
6.75804328918457,5.20239e-05
6.771766662597656,5.2009e-05
6.785229682922363,5.20276e-05
6.7990641593933105,5.20761e-05
6.812801837921143,5.20649e-05
6.826011657714844,5.20723e-05
6.839260578155518,5.21208e-05
6.853139877319336,5.21133e-05
6.867187976837158,5.21282e-05
6.881265640258789,5.21729e-05
6.894684553146362,5.2158e-05
6.907882928848267,5.21766e-05
6.9217541217803955,5.22176e-05
6.934920310974121,5.22102e-05
6.948715925216675,5.22139e-05
6.9628212451934814,5.22623e-05
6.9766480922698975,5.22586e-05
6.989971876144409,5.22623e-05
7.003479957580566,5.23145e-05
7.017360210418701,5.23033e-05
7.030939817428589,5.23145e-05
7.045416355133057,5.23592e-05
7.0590527057647705,5.23443e-05
7.072540521621704,5.23666e-05
7.085830926895142,5.24039e-05
7.099427938461304,5.2389e-05
7.112598657608032,5.24076e-05
7.126570224761963,5.24523e-05
7.140613794326782,5.24337e-05
7.154800653457642,5.2456e-05
7.167767763137817,5.2497e-05
7.181507349014282,5.24821e-05
7.195151090621948,5.25045e-05
7.208815097808838,5.2538e-05
7.222723484039307,5.25306e-05
7.236119747161865,5.25417e-05
7.249740839004517,5.25902e-05
7.26342511177063,5.25715e-05
7.277625799179077,5.26162e-05
7.29725193977356,5.26311e-05
7.311777830123901,5.26162e-05
7.325634956359863,5.26572e-05
7.339375257492065,5.26721e-05
7.353287220001221,5.26572e-05
7.367334604263306,5.27019e-05
7.380798578262329,5.27131e-05
7.395509243011475,5.27056e-05
7.409194707870483,5.27578e-05
7.422814846038818,5.27578e-05
7.436448097229004,5.27429e-05
7.45081901550293,5.2795e-05
7.4640913009643555,5.2795e-05
7.477808713912964,5.27876e-05
7.4915666580200195,5.28248e-05
7.50567102432251,5.28248e-05
7.518876791000366,5.28286e-05
7.5325281620025635,5.28696e-05
7.546384334564209,5.28696e-05
7.560099840164185,5.28696e-05
7.573713064193726,5.29105e-05
7.587279558181763,5.29105e-05
7.601742744445801,5.29105e-05
7.614355087280273,5.29478e-05
7.62828803062439,5.29478e-05
7.642508029937744,5.29478e-05
7.6562135219573975,5.29888e-05
7.6698126792907715,5.29962e-05
7.682953357696533,5.29888e-05
7.696856737136841,5.3026e-05
7.709970712661743,5.30335e-05
7.723693370819092,5.30297e-05
7.738455295562744,5.30744e-05
7.75161075592041,5.30707e-05
7.765319585800171,5.30744e-05
7.77944016456604,5.31154e-05
7.79282021522522,5.31117e-05
7.8067240715026855,5.31042e-05
7.819907903671265,5.31489e-05
7.8336405754089355,5.3134e-05
7.853493928909302,5.31601e-05
7.8670923709869385,5.31937e-05
7.88133430480957,5.31713e-05
7.894933700561523,5.32011e-05
7.908010244369507,5.32272e-05
7.921687602996826,5.32011e-05
7.9348719120025635,5.32272e-05
7.948033332824707,5.32644e-05
7.962809801101685,5.32384e-05
7.977052927017212,5.32644e-05
7.991155385971069,5.3298e-05
8.004713773727417,5.32756e-05
8.018641948699951,5.33017e-05
8.032333374023438,5.33278e-05
8.046386480331421,5.33017e-05
8.059954643249512,5.33352e-05
8.07382583618164,5.33576e-05
8.086937189102173,5.33278e-05
8.100515127182007,5.33576e-05
8.114546060562134,5.33874e-05
8.128150701522827,5.3365e-05
8.14192795753479,5.33985e-05
8.155536890029907,5.34209e-05
8.169524431228638,5.33985e-05
8.182766199111938,5.34246e-05
8.196702718734741,5.34544e-05
8.210636615753174,5.34358e-05
8.224466323852539,5.34693e-05
8.239319801330566,5.34842e-05
8.252910137176514,5.34619e-05
8.266974449157715,5.35029e-05
8.280993223190308,5.35103e-05
8.29461932182312,5.34917e-05
8.308578491210938,5.35401e-05
8.323109865188599,5.35438e-05
8.337050676345825,5.35252e-05
8.351344108581543,5.35699e-05
8.364964723587036,5.35699e-05
8.378085613250732,5.35625e-05
8.391906499862671,5.36109e-05
8.411157369613647,5.35848e-05
8.425612688064575,5.36034e-05
8.439383506774902,5.36332e-05
8.453996896743774,5.36146e-05
8.468337535858154,5.36444e-05
8.48190426826477,5.36705e-05
8.495989799499512,5.36444e-05
8.509063959121704,5.36742e-05
8.523269176483154,5.36928e-05
8.536717891693115,5.36742e-05
8.550251007080078,5.3704e-05
8.564823865890503,5.37226e-05
8.578806161880493,5.37003e-05
8.592693567276001,5.37375e-05
8.606626510620117,5.37524e-05
8.620396137237549,5.37338e-05
8.633959293365479,5.37636e-05
8.647311687469482,5.37822e-05
8.661044359207153,5.37636e-05
8.674999237060547,5.37934e-05
8.68793511390686,5.38158e-05
8.701289415359497,5.37934e-05
8.715238571166992,5.38232e-05
8.729285478591919,5.38456e-05
8.74330759048462,5.38232e-05
8.757478475570679,5.38605e-05
8.770977258682251,5.38717e-05
8.783654928207397,5.3853e-05
8.797914028167725,5.38903e-05
8.811843872070312,5.38977e-05
8.82518219947815,5.38754e-05
8.839348316192627,5.39089e-05
8.85256028175354,5.39275e-05
8.866069793701172,5.38977e-05
8.879695415496826,5.39275e-05
8.893711805343628,5.39462e-05
8.90741229057312,5.39275e-05
8.921125888824463,5.39611e-05
8.934656620025635,5.39722e-05
8.94848084449768,5.39611e-05
8.967472553253174,5.39983e-05
8.980772972106934,5.39983e-05
8.994788885116577,5.39909e-05
9.008676767349243,5.40244e-05
9.022670269012451,5.40095e-05
9.036002159118652,5.40132e-05
9.049177885055542,5.40542e-05
9.063068628311157,5.40393e-05
9.076422691345215,5.40356e-05
9.09049129486084,5.40765e-05
9.104280948638916,5.40616e-05
9.118171215057373,5.40616e-05
9.131735563278198,5.40989e-05
9.146824359893799,5.40803e-05
9.160881519317627,5.40877e-05
9.174671173095703,5.41324e-05
9.188318014144897,5.41063e-05
9.202465534210205,5.4125e-05
9.215851306915283,5.41548e-05
9.229438304901123,5.41362e-05
9.24327826499939,5.41511e-05
9.25771427154541,5.41809e-05
9.270970106124878,5.41511e-05
9.284449100494385,5.41734e-05
9.297969341278076,5.42144e-05
9.311037302017212,5.41846e-05
9.325528144836426,5.41995e-05
9.338751316070557,5.42293e-05
9.353255033493042,5.42069e-05
9.36742877960205,5.42218e-05
9.382065296173096,5.42479e-05
9.395430564880371,5.42218e-05
9.408956050872803,5.42479e-05
9.422707080841064,5.42777e-05
9.436312913894653,5.42479e-05
9.450653076171875,5.42777e-05
9.46405816078186,5.43001e-05
9.47775650024414,5.4274e-05
9.491406917572021,5.42963e-05
9.505478858947754,5.43038e-05
9.524855136871338,5.42963e-05
9.539245843887329,5.4341e-05
9.552628755569458,5.43336e-05
9.566882371902466,5.43224e-05
9.580674171447754,5.43597e-05
9.594351768493652,5.4341e-05
9.608159303665161,5.43485e-05
9.623221397399902,5.43857e-05
9.63725209236145,5.43634e-05
9.650784254074097,5.43671e-05
9.665128707885742,5.44006e-05
9.678878545761108,5.43783e-05
9.692259073257446,5.43932e-05
9.705616474151611,5.44304e-05
9.719879627227783,5.44044e-05
9.73391342163086,5.44155e-05
9.747745513916016,5.44491e-05
9.761620283126831,5.44267e-05
9.775570631027222,5.44342e-05
9.789256811141968,5.44714e-05
9.804037809371948,5.44416e-05
9.817992210388184,5.44603e-05
9.832373142242432,5.44826e-05
9.84658432006836,5.44565e-05
9.859828472137451,5.44863e-05
9.87336254119873,5.45012e-05
9.887477397918701,5.44789e-05
9.900951385498047,5.45087e-05
9.914840936660767,5.4531e-05
9.928521633148193,5.44975e-05
9.941964626312256,5.45199e-05
9.955142736434937,5.45534e-05
9.969912052154541,5.45273e-05
9.983036756515503,5.45571e-05
9.996864080429077,5.45646e-05
0.0,5.00011e-05
0.013811349868774414,5.00197e-05
0.027116775512695312,5.00309e-05
0.04090738296508789,4.99899e-05
0.05474281311035156,5.00197e-05
0.06884646415710449,5.00197e-05
0.08206939697265625,4.99825e-05
0.0964057445526123,5.00085e-05
0.11534857749938965,4.99974e-05
0.12954211235046387,4.99862e-05
0.14251923561096191,5.00123e-05
0.1563401222229004,4.99825e-05
0.17037129402160645,4.99787e-05
0.18411946296691895,5.00011e-05
0.19774675369262695,4.99713e-05
0.21190357208251953,4.99713e-05
0.2251443862915039,4.99974e-05
0.23832106590270996,4.99713e-05
0.2523064613342285,4.99638e-05
0.2656071186065674,4.99862e-05
0.2790355682373047,4.99638e-05
0.2923400402069092,4.99527e-05
0.3056328296661377,4.9975e-05
0.3189833164215088,4.99452e-05
0.3323185443878174,4.9934e-05
0.34543919563293457,4.99601e-05
0.3596072196960449,4.99377e-05
0.37378978729248047,4.99228e-05
0.3869800567626953,4.99489e-05
0.4009530544281006,4.99303e-05
0.413815975189209,4.99117e-05
0.42764997482299805,4.99415e-05
0.44124817848205566,4.99154e-05
0.4549262523651123,4.99079e-05
0.46834301948547363,4.99266e-05
0.481950044631958,4.99079e-05
0.4959375858306885,4.98893e-05
0.509556770324707,4.99228e-05
0.5232424736022949,4.99042e-05
0.5367622375488281,4.98856e-05
0.550771951675415,4.99079e-05
0.564561128616333,4.98744e-05
0.5784866809844971,4.98707e-05
0.5918126106262207,4.9893e-05
0.6058661937713623,4.98632e-05
0.6189584732055664,4.98409e-05
0.632739782333374,4.98744e-05
0.6456801891326904,4.98372e-05
0.6655910015106201,4.98521e-05
0.6789853572845459,4.98819e-05
0.6917836666107178,4.98483e-05
0.7042720317840576,4.98483e-05
0.7180685997009277,4.98781e-05
0.7313764095306396,4.98446e-05
0.743927001953125,4.98483e-05
0.7578215599060059,4.98707e-05
0.7707431316375732,4.98446e-05
0.7840840816497803,4.98334e-05
0.7967984676361084,4.98595e-05
0.8099534511566162,4.98409e-05
0.8232340812683105,4.98185e-05
0.8362247943878174,4.98446e-05
0.8492393493652344,4.98409e-05
0.8629307746887207,4.98185e-05
0.87666916847229,4.98446e-05
0.8906409740447998,4.9826e-05
0.9038057327270508,4.98074e-05
0.9167287349700928,4.98372e-05
0.9296252727508545,4.9826e-05
0.9421360492706299,4.97887e-05
0.9548118114471436,4.98111e-05
0.9681177139282227,4.98185e-05
0.9816334247589111,4.97813e-05
0.995884895324707,4.97925e-05
1.0090062618255615,4.97999e-05
1.022456407546997,4.97664e-05
1.0349195003509521,4.9785e-05
1.047999620437622,4.97627e-05
1.0611441135406494,4.97254e-05
1.0742509365081787,4.97403e-05
1.0875763893127441,4.9718e-05
1.1010093688964844,4.96844e-05
1.1141510009765625,4.96807e-05
1.1281797885894775,4.96993e-05
1.1419312953948975,4.96621e-05
1.1554160118103027,4.96658e-05
1.1685919761657715,4.96882e-05
1.181933879852295,4.96546e-05
1.194756269454956,4.96509e-05
1.2084071636199951,4.96695e-05
1.2280726432800293,4.9636e-05
1.2419493198394775,4.96546e-05
1.2549481391906738,4.96584e-05
1.2685580253601074,4.96248e-05
1.2820520401000977,4.96472e-05
1.2951862812042236,4.96546e-05
1.3079664707183838,4.96211e-05
1.321784496307373,4.96546e-05
1.3359036445617676,4.96733e-05
1.3486535549163818,4.96323e-05
1.362074613571167,4.96509e-05
1.3748881816864014,4.96658e-05
1.3885598182678223,4.96286e-05
1.4023404121398926,4.96211e-05
1.415498971939087,4.96323e-05
1.4288105964660645,4.96211e-05
1.441765308380127,4.96211e-05
1.4553015232086182,4.9636e-05
1.4680535793304443,4.96099e-05
1.4809672832489014,4.96025e-05
1.4948413372039795,4.96248e-05
1.5084476470947266,4.9595e-05
1.5206427574157715,4.95876e-05
1.5345220565795898,4.96099e-05
1.548008918762207,4.96323e-05
1.5615100860595703,4.96323e-05
1.5763814449310303,4.96993e-05
1.5897431373596191,4.96733e-05
1.6032483577728271,4.96546e-05
1.617060661315918,4.96844e-05
1.631120204925537,4.96546e-05
1.644035816192627,4.96733e-05
1.6579885482788086,4.96956e-05
1.6717901229858398,4.96546e-05
1.685999870300293,4.96695e-05
1.6997184753417969,4.96919e-05
1.7135553359985352,4.96621e-05
1.7277979850769043,4.96546e-05
1.7415821552276611,4.96844e-05
1.7553648948669434,4.96546e-05
1.769258737564087,4.96695e-05
1.7885675430297852,4.96621e-05
1.8033783435821533,4.96323e-05
1.8170771598815918,4.96546e-05
1.8317184448242188,4.96472e-05
1.8448703289031982,4.96323e-05
1.8587167263031006,4.96584e-05
1.8731255531311035,4.96472e-05
1.8862581253051758,4.96286e-05
1.8999483585357666,4.96286e-05
1.9137492179870605,4.96174e-05
1.9281752109527588,4.95913e-05
1.9419748783111572,4.96211e-05
1.9567110538482666,4.95987e-05
1.9702365398406982,4.95913e-05
1.9834766387939453,4.96136e-05
1.9973278045654297,4.95913e-05
2.0113723278045654,4.95764e-05
2.02463960647583,4.95987e-05
2.038688898086548,4.95801e-05
2.052060842514038,4.95578e-05
2.0660860538482666,4.95876e-05
2.0799450874328613,4.95578e-05
2.093331813812256,4.95429e-05
2.106820583343506,4.95689e-05
2.120568037033081,4.95503e-05
2.1341280937194824,4.95317e-05
2.1476495265960693,4.95578e-05
2.1622965335845947,4.95317e-05
2.176470994949341,4.95205e-05
2.1908233165740967,4.95503e-05
2.2039008140563965,4.95131e-05
2.218156576156616,4.95131e-05
2.232388973236084,4.95354e-05
2.246926784515381,4.95056e-05
2.2617526054382324,4.95093e-05
2.275862216949463,4.9528e-05
2.2885005474090576,4.94944e-05
2.301640272140503,4.94944e-05
2.315335273742676,4.95168e-05
2.3293709754943848,4.94721e-05
2.348100185394287,4.94944e-05
2.3620944023132324,4.94944e-05
2.3763206005096436,4.94907e-05
2.3916549682617188,4.95205e-05
2.4055259227752686,4.94982e-05
2.4190964698791504,4.9487e-05
2.4340388774871826,4.95093e-05
2.4480979442596436,4.9487e-05
2.4615259170532227,4.94721e-05
2.474762439727783,4.94944e-05
2.487396240234375,4.94758e-05
2.5009729862213135,4.94609e-05
2.515751838684082,4.94833e-05
2.528073787689209,4.94684e-05
2.54106068611145,4.9446e-05
2.553243398666382,4.94646e-05
2.5662848949432373,4.94646e-05
2.5792887210845947,4.94311e-05
2.5920674800872803,4.94572e-05
2.604534387588501,4.94609e-05
2.617875099182129,4.94237e-05
2.631490707397461,4.94386e-05
2.6446352005004883,4.94535e-05
2.657505989074707,4.94199e-05
2.671278476715088,4.94274e-05
2.6847779750823975,4.94497e-05
2.698324203491211,4.94199e-05
2.7116763591766357,4.94162e-05
2.7249417304992676,4.94348e-05
2.7389469146728516,4.94013e-05
2.7527339458465576,4.9405e-05
2.766434907913208,4.94274e-05
2.7802786827087402,4.93976e-05
2.793938159942627,4.93939e-05
2.807755470275879,4.94125e-05
2.8216423988342285,4.9379e-05
2.834561347961426,4.93939e-05
2.8481712341308594,4.94013e-05
2.862384080886841,4.93678e-05
2.876553773880005,4.9379e-05
2.8901655673980713,4.9379e-05
2.9091849327087402,4.93566e-05
2.9231977462768555,4.93864e-05
2.93683123588562,4.93715e-05
2.950094699859619,4.93454e-05
2.96379017829895,4.93715e-05
2.9789767265319824,4.93566e-05
2.992975950241089,4.9338e-05
3.0065195560455322,4.93641e-05
3.020583152770996,4.93454e-05
3.034450054168701,4.93305e-05
3.0486977100372314,4.93603e-05
3.061732292175293,4.93454e-05
3.075212001800537,4.93194e-05
3.0890703201293945,4.93492e-05
3.1025149822235107,4.93194e-05
3.116044521331787,4.93156e-05
3.1295950412750244,4.9338e-05
3.143828868865967,4.93194e-05
3.15716290473938,4.93044e-05
3.171689510345459,4.93343e-05
3.1859121322631836,4.93119e-05
3.2000653743743896,4.93007e-05
3.2147674560546875,4.93305e-05
3.2289044857025146,4.92933e-05
3.24314022064209,4.9297e-05
3.25661039352417,4.93231e-05
3.2706520557403564,4.92821e-05
3.2840538024902344,4.92821e-05
3.298537015914917,4.93044e-05
3.3128435611724854,4.92709e-05
3.3272664546966553,4.92895e-05
3.340797185897827,4.93007e-05
3.3543214797973633,4.92709e-05
3.3678488731384277,4.92784e-05
3.381869316101074,4.92858e-05
3.3955860137939453,4.92523e-05
3.4088995456695557,4.92672e-05
3.4229109287261963,4.92821e-05
3.4369146823883057,4.92486e-05
3.4515857696533203,4.92784e-05
3.4700682163238525,4.92597e-05
3.4837725162506104,4.92411e-05
3.4971978664398193,4.92709e-05
3.510638475418091,4.92523e-05
3.5242910385131836,4.92337e-05
3.5381503105163574,4.92597e-05
3.5524003505706787,4.92486e-05
3.567142963409424,4.92411e-05
3.581887722015381,4.92672e-05
3.5957279205322266,4.92411e-05
3.6095151901245117,4.92262e-05
3.6237709522247314,4.92523e-05
3.637274980545044,4.92262e-05
3.651870012283325,4.92188e-05
3.6651413440704346,4.92411e-05
3.6800429821014404,4.92113e-05
3.6936845779418945,4.9215e-05
3.7078206539154053,4.92299e-05
3.7217252254486084,4.91927e-05
3.7354650497436523,4.92001e-05
3.7492117881774902,4.9215e-05
3.7627415657043457,4.91629e-05
3.776379108428955,4.91666e-05
3.7895824909210205,4.91815e-05
3.803039073944092,4.91517e-05
3.816627264022827,4.91592e-05
3.830887794494629,4.91741e-05
3.844241142272949,4.91331e-05
3.858229398727417,4.91368e-05
3.8714170455932617,4.91592e-05
3.8855881690979004,4.91219e-05
3.8991475105285645,4.91331e-05
3.913358449935913,4.91443e-05
3.926729440689087,4.91145e-05
3.939946174621582,4.91182e-05
3.9538676738739014,4.91331e-05
3.9672751426696777,4.91033e-05
3.9810268878936768,4.91107e-05
3.9945709705352783,4.91294e-05
4.008173227310181,4.90847e-05
4.027836084365845,4.91145e-05
4.041687965393066,4.9107e-05
4.05453085899353,4.90809e-05
4.068726062774658,4.90996e-05
4.082683324813843,4.90847e-05
4.096149921417236,4.90698e-05
4.110536813735962,4.90921e-05
4.124469995498657,4.90847e-05
4.138474702835083,4.90549e-05
4.153404712677002,4.90847e-05
4.167438507080078,4.90623e-05
4.181748151779175,4.90511e-05
4.196584939956665,4.90772e-05
4.210103988647461,4.90474e-05
4.223861932754517,4.904e-05
4.236510276794434,4.90698e-05
4.250666618347168,4.904e-05
4.26544713973999,4.90362e-05
4.2795960903167725,4.90586e-05
4.2937257289886475,4.90362e-05
4.307017803192139,4.90325e-05
4.321139097213745,4.90511e-05
4.335259437561035,4.90176e-05
4.348751783370972,4.90213e-05
4.361752271652222,4.904e-05
4.374999523162842,4.90027e-05
4.389384746551514,4.90064e-05
4.402637481689453,4.90251e-05
4.416849374771118,4.89915e-05
4.429511785507202,4.89878e-05
4.4432947635650635,4.90139e-05
4.4562153816223145,4.89841e-05
4.46868634223938,4.89766e-05
4.482316970825195,4.90064e-05
4.495685577392578,4.89878e-05
4.5086095333099365,4.89692e-05
4.521072864532471,4.89915e-05
4.534088850021362,4.89766e-05
4.546806335449219,4.89505e-05
4.560399532318115,4.89766e-05
4.579625606536865,4.89431e-05
4.592828989028931,4.89431e-05
4.605244159698486,4.89617e-05
4.6187050342559814,4.89394e-05
4.631228446960449,4.89282e-05
4.644284009933472,4.89543e-05
4.657493352890015,4.89356e-05
4.671136140823364,4.89096e-05
4.684501647949219,4.89356e-05
4.6967363357543945,4.89245e-05
4.708967924118042,4.88947e-05
4.721764326095581,4.89245e-05
4.735314130783081,4.89245e-05
4.747826814651489,4.88947e-05
4.761073589324951,4.89133e-05
4.773423194885254,4.89245e-05
4.786675453186035,4.88909e-05
4.799504041671753,4.88947e-05
4.812622547149658,4.89096e-05
4.826325416564941,4.88798e-05
4.839207410812378,4.88835e-05
4.853460073471069,4.89021e-05
4.866453647613525,4.88723e-05
4.880002021789551,4.88723e-05
4.892619848251343,4.88909e-05
4.905931234359741,4.88611e-05
4.9196250438690186,4.88574e-05
4.933404207229614,4.88835e-05
4.946873426437378,4.88574e-05
4.960487365722656,4.88425e-05
4.973837375640869,4.88723e-05
4.986411809921265,4.88425e-05
4.999727487564087,4.88313e-05
5.0129804611206055,4.88537e-05
5.025670766830444,4.88388e-05
5.038711071014404,4.8809e-05
5.0519373416900635,4.88351e-05
5.065465688705444,4.8809e-05
5.077868938446045,4.87829e-05
5.091585159301758,4.88015e-05
5.104486703872681,4.87978e-05
5.118518829345703,4.87755e-05
5.136945724487305,4.87978e-05
5.150015592575073,4.87717e-05
5.163000106811523,4.87568e-05
5.175985097885132,4.87829e-05
5.189152717590332,4.8768e-05
5.203084945678711,4.87457e-05
5.216490983963013,4.8768e-05
5.230077266693115,4.87643e-05
5.243945837020874,4.87345e-05
5.2580225467681885,4.87568e-05
5.271395921707153,4.87568e-05
5.284539699554443,4.8727e-05
5.29836368560791,4.87568e-05
5.3124589920043945,4.87345e-05
5.32650089263916,4.87233e-05
5.34009861946106,4.87457e-05
5.353299856185913,4.87308e-05
5.367307662963867,4.87196e-05
5.38115382194519,4.87457e-05
5.394704341888428,4.87233e-05
5.408727407455444,4.87121e-05
5.421431541442871,4.87345e-05
5.435749053955078,4.87233e-05
5.4489195346832275,4.86972e-05
5.462822437286377,4.87233e-05
5.476642847061157,4.87084e-05
5.489889860153198,4.86861e-05
5.503717660903931,4.87121e-05
5.517679452896118,4.86898e-05
5.531995058059692,4.86786e-05
5.545464515686035,4.87047e-05
5.559670448303223,4.86861e-05
5.573222875595093,4.86339e-05
5.586794853210449,4.866e-05
5.5990211963653564,4.86451e-05
5.612694978713989,4.86227e-05
5.626075744628906,4.86488e-05
5.6397364139556885,4.86339e-05
5.653012275695801,4.86115e-05
5.666139602661133,4.86413e-05
5.679037570953369,4.86078e-05
5.698395013809204,4.86078e-05
5.712493181228638,4.86339e-05
5.72651481628418,4.86004e-05
5.739887475967407,4.86041e-05
5.75368595123291,4.8619e-05
5.768046617507935,4.85855e-05
5.781741142272949,4.86078e-05
5.79618239402771,4.86264e-05
5.810476779937744,4.85892e-05
5.824214935302734,4.86078e-05
5.838286399841309,4.8619e-05
5.851332426071167,4.85855e-05
5.865081071853638,4.86041e-05
5.878642559051514,4.86115e-05
5.892571449279785,4.85706e-05
5.907217979431152,4.85855e-05
5.921250343322754,4.85929e-05
5.9353554248809814,4.85594e-05
5.949013710021973,4.8578e-05
5.962735176086426,4.85892e-05
5.976595640182495,4.85482e-05
5.98984956741333,4.85743e-05
6.003697872161865,4.8578e-05
6.017092704772949,4.85408e-05
6.0309836864471436,4.85631e-05
6.044832229614258,4.85668e-05
6.058245658874512,4.85296e-05
6.071580410003662,4.85482e-05
6.085569858551025,4.85557e-05
6.09958291053772,4.85184e-05
6.113559007644653,4.85445e-05
6.126708269119263,4.85445e-05
6.1406309604644775,4.85147e-05
6.154242753982544,4.85221e-05
6.167603254318237,4.8537e-05
6.181797504425049,4.85035e-05
6.195117950439453,4.85147e-05
6.208624362945557,4.85333e-05
6.2216973304748535,4.84923e-05
6.235422849655151,4.85296e-05
6.256217956542969,4.84923e-05
6.2697272300720215,4.84886e-05
6.283355236053467,4.85184e-05
6.296854257583618,4.84923e-05
6.3105010986328125,4.84812e-05
6.3239264488220215,4.85035e-05
6.33799934387207,4.84774e-05
6.351671934127808,4.84737e-05
6.365130186080933,4.84961e-05
6.378812551498413,4.84663e-05
6.391838312149048,4.84588e-05
6.405463218688965,4.84812e-05
6.4190990924835205,4.84588e-05
6.433192729949951,4.84514e-05
6.446706771850586,4.84774e-05
6.459782123565674,4.84514e-05
6.472899675369263,4.84327e-05
6.485691785812378,4.84551e-05
6.500540256500244,4.84365e-05
6.514406442642212,4.84178e-05
6.5277259349823,4.84476e-05
6.54199743270874,4.84216e-05
6.555143117904663,4.84067e-05
6.5689311027526855,4.84365e-05
6.581695079803467,4.84141e-05
6.594822883605957,4.83955e-05
6.609376668930054,4.84253e-05
6.623776912689209,4.84029e-05
6.637861490249634,4.8388e-05
6.651501655578613,4.84104e-05
6.665663003921509,4.83918e-05
6.679060935974121,4.83769e-05
6.69263768196106,4.84029e-05
6.70624303817749,4.83731e-05
6.7200751304626465,4.83694e-05
6.734771013259888,4.83955e-05
6.749028444290161,4.8362e-05
6.762896537780762,4.8362e-05
6.7769248485565186,4.83806e-05
6.7901771068573,4.83359e-05
6.809766054153442,4.83545e-05
6.823455095291138,4.83545e-05
6.83722448348999,4.83321e-05
6.8510777950286865,4.83545e-05
6.864776372909546,4.83545e-05
6.8785927295684814,4.83247e-05
6.891572952270508,4.83471e-05
6.905364990234375,4.83321e-05
6.919296026229858,4.83061e-05
6.933378458023071,4.83284e-05
6.946723937988281,4.83247e-05
6.960860967636108,4.82912e-05
6.9742512702941895,4.83172e-05
6.987860918045044,4.83098e-05
7.001482009887695,4.82837e-05
7.014925479888916,4.83023e-05
7.02883243560791,4.83023e-05
7.04292368888855,4.82688e-05
7.057226181030273,4.82949e-05
7.071147203445435,4.828e-05
7.086169719696045,4.82614e-05
7.099676847457886,4.82874e-05
7.112864255905151,4.82688e-05
7.1258544921875,4.82502e-05
7.1400275230407715,4.82763e-05
7.153663396835327,4.82614e-05
7.167100191116333,4.82316e-05
7.181099891662598,4.82576e-05
7.194777488708496,4.82427e-05
7.208164930343628,4.82278e-05
7.221990585327148,4.82539e-05
7.235528945922852,4.82353e-05
7.249729871749878,4.82204e-05
7.263246297836304,4.82465e-05
7.277039527893066,4.82316e-05
7.290689945220947,4.82129e-05
7.30395770072937,4.8239e-05
7.317955255508423,4.82204e-05
7.331423044204712,4.82055e-05
7.345240116119385,4.82316e-05
7.3637731075286865,4.82018e-05
7.377918004989624,4.82092e-05
7.391979217529297,4.82241e-05
7.405559778213501,4.81906e-05
7.419173717498779,4.82018e-05
7.43300461769104,4.82167e-05
7.446030616760254,4.81831e-05
7.460582733154297,4.81869e-05
7.474445343017578,4.82055e-05
7.487894535064697,4.81645e-05
7.5012969970703125,4.81794e-05
7.515078067779541,4.8198e-05
7.528917551040649,4.8198e-05
7.542600154876709,4.82092e-05
7.556412696838379,4.82204e-05
7.569827556610107,4.81645e-05
7.583325147628784,4.82018e-05
7.59647274017334,4.82316e-05
7.610998868942261,4.81571e-05
7.624074935913086,4.81608e-05
7.637841701507568,4.82465e-05
7.65108323097229,4.82092e-05
7.664801359176636,4.82167e-05
7.6789655685424805,4.82316e-05
7.692726135253906,4.8198e-05
7.706130266189575,4.82092e-05
7.7201828956604,4.82241e-05
7.733312129974365,4.81906e-05
7.747239351272583,4.8198e-05
7.760993957519531,4.82167e-05
7.773821830749512,4.81757e-05
7.788976430892944,4.81906e-05
7.802180290222168,4.82055e-05
7.8153769969940186,4.81682e-05
7.829515218734741,4.81794e-05
7.843373537063599,4.81943e-05
7.856833219528198,4.81608e-05
7.870089530944824,4.81682e-05
7.883576154708862,4.81869e-05
7.898286581039429,4.81943e-05
7.917058944702148,4.82204e-05
7.930823564529419,4.8198e-05
7.943695783615112,4.8172e-05
7.957617998123169,4.81943e-05
7.9715354442596436,4.81906e-05
7.98480224609375,4.81645e-05
7.999253273010254,4.81943e-05
8.013270616531372,4.81869e-05
8.026403188705444,4.81571e-05
8.040407419204712,4.81869e-05
8.05376148223877,4.81682e-05
8.06736135482788,4.81459e-05
8.081274271011353,4.81682e-05
8.09516453742981,4.81608e-05
8.109897136688232,4.81347e-05
8.124116897583008,4.81571e-05
8.13800835609436,4.81347e-05
8.15149974822998,4.80714e-05
8.165090560913086,4.80937e-05
8.179044485092163,4.80751e-05
8.192266464233398,4.80565e-05
8.206250667572021,4.80788e-05
8.219727754592896,4.80602e-05
8.233372926712036,4.80453e-05
8.247595310211182,4.80714e-05
8.262157678604126,4.8049e-05
8.275986433029175,4.80341e-05
8.289964437484741,4.80639e-05
8.303268432617188,4.80341e-05
8.317105770111084,4.80267e-05
8.330885887145996,4.80528e-05
8.344522714614868,4.8023e-05
8.358112096786499,4.8008e-05
8.37243938446045,4.80304e-05
8.386314153671265,4.80006e-05
8.399951219558716,4.80043e-05
8.413742303848267,4.80267e-05
8.42694640159607,4.79782e-05
8.440959215164185,4.80043e-05
8.454971313476562,4.80118e-05
8.474488973617554,4.7982e-05
8.48894715309143,4.80267e-05
8.502829313278198,4.8049e-05
8.516755819320679,4.80192e-05
8.530566692352295,4.80453e-05
8.544214010238647,4.80379e-05
8.557772397994995,4.8008e-05
8.571197271347046,4.80304e-05
8.585044622421265,4.80267e-05
8.598989009857178,4.80006e-05
8.612423419952393,4.79931e-05
8.625094652175903,4.79931e-05
8.639113187789917,4.79857e-05
8.653026342391968,4.80043e-05
8.66708779335022,4.79931e-05
8.681008100509644,4.79671e-05
8.695139646530151,4.79857e-05
8.709308385848999,4.79745e-05
8.72312331199646,4.79484e-05
8.73670220375061,4.79745e-05
8.750946044921875,4.79596e-05
8.765175580978394,4.79447e-05
8.778971910476685,4.79708e-05
8.793224096298218,4.79484e-05
8.807360887527466,4.79298e-05
8.820805788040161,4.79559e-05
8.834829092025757,4.79335e-05
8.84780502319336,4.79112e-05
8.861918210983276,4.79261e-05
8.875430345535278,4.79e-05
8.888800859451294,4.78814e-05
8.902437448501587,4.79112e-05
8.916390657424927,4.78814e-05
8.929796934127808,4.78665e-05
8.943244457244873,4.78963e-05
8.957564115524292,4.78665e-05
8.971079349517822,4.7859e-05
8.984481573104858,4.78814e-05
8.99848985671997,4.78516e-05
9.011950731277466,4.78479e-05
9.031612157821655,4.78702e-05
9.044755697250366,4.7833e-05
9.058490991592407,4.78441e-05
9.07338833808899,4.78516e-05
9.087810277938843,4.78181e-05
9.102020740509033,4.78404e-05
9.11585783958435,4.78441e-05
9.12953233718872,4.78106e-05
9.142789363861084,4.78255e-05
9.156218528747559,4.78218e-05
9.170507907867432,4.7792e-05
9.18448543548584,4.78181e-05
9.19836163520813,4.78143e-05
9.21183729171753,4.77845e-05
9.225451469421387,4.78106e-05
9.23895001411438,4.78106e-05
9.25185751914978,4.77771e-05
9.26591682434082,4.77994e-05
9.28009843826294,4.77957e-05
9.293576955795288,4.77659e-05
9.307558298110962,4.77883e-05
9.32175087928772,4.77845e-05
9.335922718048096,4.7751e-05
9.350044012069702,4.77734e-05
9.363371849060059,4.77547e-05
9.377443313598633,4.77324e-05
9.39179015159607,4.77585e-05
9.406271934509277,4.77212e-05
9.420848608016968,4.77361e-05
9.435271263122559,4.77696e-05
9.448888778686523,4.77547e-05
9.462572574615479,4.7751e-05
9.476598501205444,4.77696e-05
9.490788459777832,4.77473e-05
9.503962993621826,4.77287e-05
9.517206907272339,4.7751e-05
9.531046390533447,4.77212e-05
9.546179056167603,4.77138e-05
9.560589790344238,4.77287e-05
9.574254035949707,4.76914e-05
9.593246936798096,4.771e-05
9.607182264328003,4.77175e-05
9.621141195297241,4.76802e-05
9.6344895362854,4.77026e-05
9.648986577987671,4.76914e-05
9.66263222694397,4.76653e-05
9.676051139831543,4.76877e-05
9.689658880233765,4.7669e-05
9.703262329101562,4.76355e-05
9.717201709747314,4.76579e-05
9.731076955795288,4.76541e-05
9.745036363601685,4.76243e-05
9.758566856384277,4.7643e-05
9.772740602493286,4.76355e-05
9.787028551101685,4.76057e-05
9.80116868019104,4.76318e-05
9.814792156219482,4.76057e-05
9.828416585922241,4.75871e-05
9.84208869934082,4.76057e-05
9.856067657470703,4.75908e-05
9.869916915893555,4.75647e-05
9.883348941802979,4.75834e-05
9.897642612457275,4.75685e-05
9.911900281906128,4.75461e-05
9.925333023071289,4.75759e-05
9.939759969711304,4.75536e-05
9.953441143035889,4.75424e-05
9.967145442962646,4.75685e-05
9.98104190826416,4.75387e-05
9.993957281112671,4.75312e-05
